5.763680080022619556e+00,4.962549887793152870e+00,1.000000000000000000e+00
2.746645320391860601e-01,6.808422733504231772e+00,1.000000000000000000e+00
2.377669037170930810e+00,9.754491881576939249e+00,1.000000000000000000e+00
9.561400188327922933e+00,9.526541698169058492e+00,0.000000000000000000e+00
9.008352322873207640e+00,7.793326164210041540e+00,0.000000000000000000e+00
5.349699695395826460e+00,7.077460505733590423e+00,0.000000000000000000e+00
9.541366010667559294e+00,7.136272945807676571e+00,0.000000000000000000e+00
3.255420774407378204e+00,8.524143139354101173e-01,0.000000000000000000e+00
1.578682833480687941e+00,5.504188186708085517e+00,1.000000000000000000e+00
9.894541533792846622e+00,6.716912374694681276e+00,0.000000000000000000e+00
2.808651189720508867e+00,4.000891889389189160e+00,0.000000000000000000e+00
2.925915998001085150e+00,8.184877642434033262e+00,1.000000000000000000e+00
9.741424517975787012e+00,2.035201600183530246e+00,1.000000000000000000e+00
1.462825155235679686e+00,9.234974040303677967e+00,1.000000000000000000e+00
4.022847645741779665e+00,2.308273789119778208e+00,0.000000000000000000e+00
4.032735663808634463e+00,4.437811098785559238e+00,0.000000000000000000e+00
1.870972104553783044e+00,9.820648009856844496e+00,1.000000000000000000e+00
1.404515721452260779e+00,3.959826534598147596e+00,0.000000000000000000e+00
7.639469680082982883e+00,3.726729546120250092e+00,1.000000000000000000e+00
7.607759323257043960e+00,1.334059718244053894e+00,1.000000000000000000e+00
5.173526003059097711e+00,9.557394720917600228e-01,1.000000000000000000e+00
1.273497533437595308e+00,5.593319747145367948e+00,1.000000000000000000e+00
2.859160991416644038e+00,7.444474060039394381e+00,1.000000000000000000e+00
4.879821924700645575e+00,8.846569543267561286e+00,1.000000000000000000e+00
3.744637711596345842e+00,8.207693705790287453e+00,1.000000000000000000e+00
5.138746340095883269e+00,9.535358443639825765e+00,0.000000000000000000e+00
4.607964912141393476e-01,6.604981496783420170e+00,1.000000000000000000e+00
4.096967128385131218e+00,1.417970639059795701e-02,0.000000000000000000e+00
7.734951595339185637e+00,3.547156666864702323e+00,1.000000000000000000e+00
3.496471954741020571e+00,4.979337793532019774e+00,0.000000000000000000e+00
6.796409968493937193e+00,3.958553039191810896e+00,1.000000000000000000e+00
9.583696148731494446e+00,3.749442427703234770e+00,1.000000000000000000e+00
7.448788878207032838e+00,4.820356807535866928e+00,1.000000000000000000e+00
3.726467500933927646e+00,5.521162171359973669e+00,1.000000000000000000e+00
3.995260487711044028e+00,9.978399082902155826e+00,1.000000000000000000e+00
3.792753884149369092e-01,9.992586716019324911e-01,0.000000000000000000e+00
5.133965506495377085e+00,5.755914050104932400e+00,0.000000000000000000e+00
9.346530617847482958e+00,2.603574058376256772e-01,1.000000000000000000e+00
7.785416168568204398e-02,8.875207307690796910e+00,1.000000000000000000e+00
6.883396915661102788e+00,5.080084126164368996e+00,0.000000000000000000e+00
6.744998478249046414e+00,5.729615461229381701e+00,0.000000000000000000e+00
8.376603106942130950e+00,7.393188570824630546e+00,0.000000000000000000e+00
7.924117777894153392e+00,2.651856470800353360e+00,1.000000000000000000e+00
5.592189871509325449e+00,6.887104010107091057e+00,0.000000000000000000e+00
4.288845523857310660e+00,2.661639245670980536e+00,0.000000000000000000e+00
2.258292268269014080e+00,4.616814567191607210e-01,0.000000000000000000e+00
9.713197623727440444e+00,9.237969173434670722e+00,0.000000000000000000e+00
1.487569640719133002e-01,4.344680410761702305e+00,0.000000000000000000e+00
2.485823943302694072e+00,2.752542098799370951e+00,0.000000000000000000e+00
5.403027287160568903e+00,1.594936887994878871e+00,1.000000000000000000e+00
7.867129393095321888e+00,2.672279828575476746e+00,1.000000000000000000e+00
5.339491429068898842e-01,8.830798297070763248e-01,0.000000000000000000e+00
7.004923193399861248e+00,3.323412635271353111e+00,1.000000000000000000e+00
7.517141069811435372e+00,9.397936217907847833e+00,0.000000000000000000e+00
8.090281156873770030e+00,9.365576443657907646e+00,0.000000000000000000e+00
8.266748830083187727e+00,2.107704109525887493e-01,1.000000000000000000e+00
9.756582371576399737e+00,7.068836582707383798e+00,0.000000000000000000e+00
6.937756121448956925e-01,8.332213479042438919e+00,1.000000000000000000e+00
3.061069422483084779e+00,1.588227460827406068e+00,0.000000000000000000e+00
1.587676532074721036e+00,6.003772440879026284e+00,1.000000000000000000e+00
5.242462172155148981e-01,2.705136535270801446e+00,0.000000000000000000e+00
3.561143203813879943e+00,7.632497371589558099e+00,1.000000000000000000e+00
1.550962445461334660e-01,9.380035109836859064e+00,1.000000000000000000e+00
7.004193406654918519e+00,2.903056590661823311e-01,1.000000000000000000e+00
8.095774893270498040e+00,4.634101101596566075e-02,1.000000000000000000e+00
6.709914552243358976e+00,7.299722421461384059e+00,0.000000000000000000e+00
3.974200622016124118e+00,6.362684008998503060e+00,1.000000000000000000e+00
3.874998113729012594e+00,2.966185927223703445e+00,0.000000000000000000e+00
7.080810954155856152e+00,5.055182638183780774e+00,0.000000000000000000e+00
8.890061724196536730e+00,5.295015555298605570e+00,0.000000000000000000e+00
4.290608499270276432e-01,3.274321319638784367e-01,0.000000000000000000e+00
6.073165691561355217e+00,9.888738548870474432e+00,0.000000000000000000e+00
3.222079505294306312e-01,6.698000076497155675e+00,1.000000000000000000e+00
2.627162043627204735e+00,8.791871025247935734e+00,1.000000000000000000e+00
4.725463602193332946e+00,2.494110735466537054e-01,0.000000000000000000e+00
2.730725561417490788e-01,3.964934376487235568e+00,0.000000000000000000e+00
7.224143880561778808e+00,9.334298252138340857e+00,0.000000000000000000e+00
4.533105549217445684e+00,7.167855489354156617e+00,1.000000000000000000e+00
2.696726858822825257e+00,2.200106556119850509e+00,0.000000000000000000e+00
9.699013126075245239e+00,4.667554944811747930e+00,1.000000000000000000e+00
8.695996813494902611e+00,2.560933782233125733e+00,1.000000000000000000e+00
7.128829731866302311e+00,4.318426617606268891e+00,1.000000000000000000e+00
5.576795319647875893e-01,9.175227089796832658e+00,1.000000000000000000e+00
9.905139504050028521e+00,4.955391173442317054e+00,1.000000000000000000e+00
5.626047216219493663e+00,2.445223281394748316e+00,1.000000000000000000e+00
1.416414798962687405e+00,5.555155683070912787e+00,1.000000000000000000e+00
5.314709789716038024e+00,6.499699546000608841e+00,0.000000000000000000e+00
7.425810679928236624e+00,7.159759062806259955e+00,0.000000000000000000e+00
7.342088349814829051e+00,8.630779022687239177e+00,0.000000000000000000e+00
3.020696649091210162e+00,6.718005136835111024e+00,1.000000000000000000e+00
6.926591738489080718e+00,1.869776154124647150e-01,1.000000000000000000e+00
1.473501693803348500e+00,5.428980633321746296e+00,1.000000000000000000e+00
8.590001687041768363e+00,2.676908457342141112e+00,1.000000000000000000e+00
6.680897743969974378e+00,7.914523401953488246e-01,1.000000000000000000e+00
3.930218038062158747e+00,9.487394796534967867e+00,1.000000000000000000e+00
8.050444953945573801e+00,7.543893022392912151e+00,0.000000000000000000e+00
9.579181828065385318e+00,3.063544472352652814e-01,1.000000000000000000e+00
7.276345327148524333e+00,8.916410463244808682e+00,0.000000000000000000e+00
9.990110888080268481e+00,2.037207483560511179e+00,1.000000000000000000e+00
6.604864733460036774e+00,9.107525809960250740e+00,0.000000000000000000e+00
3.375655777675232727e+00,8.951360316174111986e+00,1.000000000000000000e+00
1.725008381701940152e+00,9.627051590743345599e+00,1.000000000000000000e+00
9.996560889753133949e+00,9.773179332661177554e+00,0.000000000000000000e+00
9.499997121645606057e+00,7.163506409718199741e+00,0.000000000000000000e+00
9.101496172657002504e+00,7.910170840766922673e+00,0.000000000000000000e+00
3.920571225450118824e+00,7.379366606812370222e+00,1.000000000000000000e+00
6.228353439462886776e+00,8.815897076447254399e-02,1.000000000000000000e+00
5.824969045057997619e+00,6.171516422517724365e+00,0.000000000000000000e+00
8.228774834190009102e+00,7.513183772233577251e+00,0.000000000000000000e+00
1.630019165680895998e+00,8.068503502079749090e-01,0.000000000000000000e+00
8.266522097699448679e+00,2.943764264650759799e+00,1.000000000000000000e+00
7.893386869716626286e+00,9.097769075910999703e+00,0.000000000000000000e+00
1.493578411775146053e+00,6.566491001723572474e+00,1.000000000000000000e+00
9.880046243942318895e+00,1.817652767029799277e+00,1.000000000000000000e+00
4.786000131823709758e+00,3.635736718189146455e+00,0.000000000000000000e+00
5.573126526125497193e+00,7.156712729976865361e+00,0.000000000000000000e+00
6.182139286849460902e+00,7.441320365634062739e+00,0.000000000000000000e+00
8.999178371847815328e+00,2.787579418999293956e+00,1.000000000000000000e+00
1.681292383351882247e+00,6.066793909461810408e+00,1.000000000000000000e+00
5.726330792055321695e+00,4.279791277762948987e+00,1.000000000000000000e+00
8.391132616243453413e+00,9.128115466842379178e-01,1.000000000000000000e+00
4.545526624510324964e+00,8.097072763659196593e-01,0.000000000000000000e+00
2.197711887695963373e-01,4.290391411710208658e+00,0.000000000000000000e+00
2.664880376906821891e+00,2.636206395930629220e-01,0.000000000000000000e+00
3.384745613470002468e+00,9.279909490663966309e+00,1.000000000000000000e+00
6.740917356126167270e+00,2.459912773256387464e+00,1.000000000000000000e+00
6.434087224694078344e+00,1.183694986274730354e+00,1.000000000000000000e+00
8.949023943927967295e+00,5.095375912265528662e+00,0.000000000000000000e+00
3.712375038257746951e+00,3.353942191930452399e+00,0.000000000000000000e+00
1.172979577000518026e+00,7.874491535210058402e+00,1.000000000000000000e+00
9.850143822941028304e+00,3.366121285297078991e+00,1.000000000000000000e+00
4.366580824583166098e-01,5.880130379088553738e+00,1.000000000000000000e+00
8.832200241369769778e-01,6.611097118176633813e+00,1.000000000000000000e+00
8.569442646116211648e+00,7.778272499881596858e+00,0.000000000000000000e+00
3.432654897891121770e+00,7.488002898980181676e+00,1.000000000000000000e+00
4.240473181744181197e+00,6.214614712052616063e+00,1.000000000000000000e+00
2.665948388941763447e-01,4.868706870294583489e+00,0.000000000000000000e+00
5.796636168332358618e-01,4.193889928100294817e+00,0.000000000000000000e+00
1.925710956516301087e+00,4.459313332670410190e+00,0.000000000000000000e+00
6.517442239602495135e+00,9.146316962442780252e+00,0.000000000000000000e+00
3.765283562706902565e+00,6.361053014377064052e+00,1.000000000000000000e+00
3.742730322120707775e+00,4.648886178368069722e+00,0.000000000000000000e+00
2.494226268708202632e+00,2.211590465769963654e+00,0.000000000000000000e+00
3.488337851041331206e+00,6.971590232232705020e-01,0.000000000000000000e+00
8.045541710794509527e+00,3.886939191410609062e+00,1.000000000000000000e+00
9.716879374126589752e+00,8.610111089347737945e+00,0.000000000000000000e+00
4.634762945415697111e+00,8.196874447761395288e+00,1.000000000000000000e+00
1.592421801067189779e+00,2.252669302399880280e+00,0.000000000000000000e+00
6.872084795600597040e-01,8.509127284587736373e-01,0.000000000000000000e+00
7.830424286196262074e+00,3.110675100553782713e+00,1.000000000000000000e+00
7.694622264195274397e+00,9.188006886407215745e+00,0.000000000000000000e+00
8.380809857816377217e+00,7.757924998421259488e+00,0.000000000000000000e+00
1.056409396580393345e-01,2.073729684714287202e+00,0.000000000000000000e+00
1.868195791660387517e-01,6.759531626981193142e+00,1.000000000000000000e+00
5.586134597218862297e+00,6.275982488969061635e+00,0.000000000000000000e+00
4.716246617965310861e+00,3.808878885609046083e+00,0.000000000000000000e+00
7.050707781341360558e+00,1.519564059258745603e+00,1.000000000000000000e+00
6.141337147776964933e+00,6.156239820547727781e+00,0.000000000000000000e+00
7.236362580272325040e+00,3.200450914175096973e+00,1.000000000000000000e+00
1.676011217300904521e+00,4.750135130184363064e-01,0.000000000000000000e+00
3.948374788990760553e+00,4.140918063551333184e+00,0.000000000000000000e+00
8.010302564147313120e+00,9.534480447426862071e+00,0.000000000000000000e+00
7.053456955193492917e+00,4.293338173074189079e+00,1.000000000000000000e+00
3.319110176700236003e+00,6.988501142054836635e+00,1.000000000000000000e+00
9.874824367015653692e+00,7.570128495979132843e+00,0.000000000000000000e+00
5.694233999682158931e+00,6.598013511522186292e+00,0.000000000000000000e+00
6.199248672081322020e+00,1.958333236811335976e+00,1.000000000000000000e+00
5.679766360498539335e-01,6.658717541271811591e+00,1.000000000000000000e+00
3.388977908345415457e+00,9.579574732389609437e+00,1.000000000000000000e+00
2.963155388561923509e+00,1.880383118811712606e-01,0.000000000000000000e+00
6.874733522899227900e+00,7.056964740192023910e+00,0.000000000000000000e+00
9.659614032015028329e+00,6.593914647685682695e+00,0.000000000000000000e+00
8.558562380627339650e+00,1.577058290126651663e+00,1.000000000000000000e+00
3.861757297887293827e+00,5.283235951290478738e+00,1.000000000000000000e+00
9.700454214107619322e+00,4.707999628311194229e+00,1.000000000000000000e+00
5.601665216648665790e+00,6.584580724326437817e+00,0.000000000000000000e+00
6.542289439004380647e+00,4.882852233300894795e+00,1.000000000000000000e+00
7.946966087185762362e+00,4.218022700564668881e+00,1.000000000000000000e+00
9.237366651326624378e+00,3.527912671116046894e+00,1.000000000000000000e+00
9.418960505540558970e+00,4.535042289448961483e+00,1.000000000000000000e+00
2.980805240872059780e+00,2.994601538259321849e+00,0.000000000000000000e+00
4.218899571266643278e+00,2.137956396172193685e+00,0.000000000000000000e+00
9.410093452784122903e+00,9.058435080814300377e+00,0.000000000000000000e+00
8.930414665835174404e+00,7.363028391689908858e+00,0.000000000000000000e+00
6.105028106075144123e+00,5.534931368947526575e-01,1.000000000000000000e+00
8.695053403468559594e+00,5.167120610094688704e-01,1.000000000000000000e+00
9.193888785679195763e+00,8.526659415005259035e+00,0.000000000000000000e+00
3.761547563886692203e+00,9.203959049025414174e+00,1.000000000000000000e+00
8.568903838864878608e+00,7.794789400650422806e+00,0.000000000000000000e+00
7.603344888353424924e-01,2.428137798879548281e-01,0.000000000000000000e+00
2.345542520970000933e-01,1.463785878841695753e+00,0.000000000000000000e+00
3.465036894135551382e+00,4.854848585537688166e+00,0.000000000000000000e+00
7.590385913642282212e+00,6.880595164874883984e+00,0.000000000000000000e+00
2.089727744401324028e+00,5.455339568300844100e+00,1.000000000000000000e+00
4.974387826019530223e+00,7.702896531837789773e+00,1.000000000000000000e+00
1.221499757622143134e+00,1.709724442642034381e+00,0.000000000000000000e+00
8.447668379301374486e+00,6.113527389837841497e+00,0.000000000000000000e+00
3.771952952394000746e+00,1.042486163730111937e+00,0.000000000000000000e+00
3.397663606515213264e+00,8.997758575548303384e+00,1.000000000000000000e+00
2.902985804734265152e+00,8.069014881557759367e+00,1.000000000000000000e+00
1.578590522999491208e+00,8.948577816668759510e+00,1.000000000000000000e+00
3.723682777033413771e+00,1.491241496934314625e-01,0.000000000000000000e+00
3.260156336241804009e+00,9.845581026961063742e+00,1.000000000000000000e+00
1.270306631135936781e+00,3.793981823024417110e+00,0.000000000000000000e+00
7.365988397914096986e+00,3.154724695275892277e+00,1.000000000000000000e+00
4.385324798351748044e+00,3.478716453492264549e+00,0.000000000000000000e+00
5.610958817339454896e+00,6.351958048982386806e+00,0.000000000000000000e+00
6.092605200827954093e+00,5.608329468343638879e+00,0.000000000000000000e+00
7.048424368577316912e+00,7.228384162433865168e-01,1.000000000000000000e+00
4.591937695331544944e+00,9.653314014022623013e+00,1.000000000000000000e+00
6.660906522442433086e+00,2.414390115825626459e+00,1.000000000000000000e+00
8.747114351590042247e+00,9.895929853369807461e+00,0.000000000000000000e+00
3.058413629393497146e-01,4.425272965142058368e+00,0.000000000000000000e+00
6.360743239195024934e+00,6.451683349551569080e+00,0.000000000000000000e+00
3.772250610673502091e+00,9.513171685367264985e+00,1.000000000000000000e+00
9.717723745616130060e+00,9.615639229124672838e-01,1.000000000000000000e+00
6.099400367496478736e+00,7.637112283691158687e+00,0.000000000000000000e+00
6.738533970548090224e+00,1.291284100279221914e-01,1.000000000000000000e+00
7.224013767914232886e+00,7.609664482365743332e+00,0.000000000000000000e+00
7.098937306982905149e+00,5.087686533114560206e+00,0.000000000000000000e+00
9.609210786105396807e+00,7.037897624703120414e+00,0.000000000000000000e+00
6.830619088031415487e+00,4.759574258693267446e+00,1.000000000000000000e+00
9.669942815781404022e+00,2.599404506127211079e+00,1.000000000000000000e+00
2.672411192537706981e+00,6.131781446147821057e+00,1.000000000000000000e+00
2.054961694148639495e+00,5.104870913265830978e+00,1.000000000000000000e+00
6.320075649723828626e+00,7.237291094575715178e-02,1.000000000000000000e+00
8.766725137481403252e+00,8.781600538141465240e-01,1.000000000000000000e+00
6.239224670266374062e+00,2.087415926438466407e+00,1.000000000000000000e+00
1.882268453370838923e-01,1.024183266502554090e-02,0.000000000000000000e+00
4.835199866852781803e+00,3.504018519814331434e+00,0.000000000000000000e+00
3.368168963647180103e+00,3.613123977001500897e+00,0.000000000000000000e+00
6.120201199797089764e+00,2.809671291662722226e+00,1.000000000000000000e+00
1.345096407702096597e+00,9.802555145826636007e+00,1.000000000000000000e+00
4.171348087834195084e+00,5.864600034326325151e+00,1.000000000000000000e+00
6.153414247437720697e+00,2.944829847039929227e+00,1.000000000000000000e+00
5.416611592950047793e+00,4.585939750487311173e-01,1.000000000000000000e+00
6.759942479215333755e+00,8.583105260017095617e+00,0.000000000000000000e+00
5.224959992526688524e+00,3.805695845030390156e+00,1.000000000000000000e+00
1.559213208211531754e+00,7.759483397304373753e+00,1.000000000000000000e+00
6.800818727477092374e+00,8.990041791629732604e-01,1.000000000000000000e+00
8.870503385365678284e+00,2.763757818242774889e+00,1.000000000000000000e+00
6.298170654643143962e+00,1.696519441517190252e+00,1.000000000000000000e+00
9.047675986025293327e+00,8.623914176112201346e+00,0.000000000000000000e+00
1.566821248572698444e+00,9.128613768608818901e+00,1.000000000000000000e+00
6.981518795866124449e+00,7.160327987847192599e-01,1.000000000000000000e+00
4.845089648282971062e+00,5.632240309495134767e+00,1.000000000000000000e+00
3.498349167832103035e+00,3.695140568173893580e-01,0.000000000000000000e+00
2.780900588549774177e+00,7.082525218446884097e+00,1.000000000000000000e+00
1.122671370039628469e+00,2.869050412201614719e+00,0.000000000000000000e+00
9.161059387589046921e+00,1.382007854288250792e+00,1.000000000000000000e+00
1.796922914411730465e+00,5.671289482187026110e+00,1.000000000000000000e+00
7.251084449828808509e+00,3.661457110139273219e+00,1.000000000000000000e+00
8.731682611002419492e+00,2.521389519143739655e+00,1.000000000000000000e+00
3.991099140566873871e+00,4.041112587193423700e+00,0.000000000000000000e+00
1.685820247484574042e+00,7.069377278822987165e+00,1.000000000000000000e+00
3.190059121541188869e+00,7.169332000526464910e+00,1.000000000000000000e+00
6.221290141841892662e+00,1.330487283495392914e+00,1.000000000000000000e+00
7.139397338295150330e-01,6.273751194515502227e+00,1.000000000000000000e+00
7.373808004113613368e-01,3.764954513381574053e+00,0.000000000000000000e+00
5.536996023261652411e+00,1.322800970661418551e+00,1.000000000000000000e+00
1.158072676672684542e+00,9.444059889901074811e+00,1.000000000000000000e+00
4.184614148081582385e+00,4.299985160713859500e+00,0.000000000000000000e+00
7.351576994240022422e+00,6.179842910030130199e+00,0.000000000000000000e+00
5.545590645511536465e+00,8.817587829982171499e+00,0.000000000000000000e+00
2.878664318445833814e-01,5.164103740551340138e+00,1.000000000000000000e+00
4.686337883867467191e+00,5.324987138419789545e+00,1.000000000000000000e+00
8.887310433963468981e-01,8.683040379933100184e+00,1.000000000000000000e+00
7.664002976766188802e+00,7.330876175334789302e+00,0.000000000000000000e+00
6.474901815157450002e+00,6.803370241678515562e+00,0.000000000000000000e+00
8.595433121227294748e+00,3.608530561214062793e-01,1.000000000000000000e+00
9.187510685948526046e+00,2.259488841154055905e+00,1.000000000000000000e+00
8.145104193266528014e-01,9.092665060305027414e-01,0.000000000000000000e+00
8.836004172565424142e+00,1.036459364420838636e+00,1.000000000000000000e+00
2.193545432923771354e-01,4.200434178069429869e+00,0.000000000000000000e+00
3.776829980943150478e+00,4.057872748644951955e+00,0.000000000000000000e+00
9.654894632098264040e+00,6.895755062351753395e+00,0.000000000000000000e+00
9.122126735858405056e+00,9.111500141631573513e+00,0.000000000000000000e+00
7.254193443289758125e-01,4.819536078220469477e+00,0.000000000000000000e+00
4.797273295843820229e+00,6.719007209662794189e+00,1.000000000000000000e+00
4.966256313740288419e+00,4.667217430897292019e+00,0.000000000000000000e+00
8.276163261220988332e+00,6.584129913862621031e+00,0.000000000000000000e+00
6.203671387575822038e+00,1.580400471630869497e+00,1.000000000000000000e+00
7.758531670380910406e+00,7.189737817859325197e+00,0.000000000000000000e+00
8.614902333754757890e+00,8.134139828556584462e+00,0.000000000000000000e+00
5.493243960015484539e+00,9.738381727621941764e+00,0.000000000000000000e+00
2.898075806172575319e+00,9.181185309222907875e+00,1.000000000000000000e+00
3.701422888657102117e-01,2.378955635419481851e+00,0.000000000000000000e+00
5.520055768660114826e-01,6.553514602164758784e+00,1.000000000000000000e+00
4.066193560818275543e+00,4.401918151659407030e+00,0.000000000000000000e+00
9.321420172308167551e+00,8.667280838763113948e-02,1.000000000000000000e+00
7.722734537713628278e+00,5.308463808809755768e+00,0.000000000000000000e+00
4.888079007627418093e+00,1.883047544840719123e+00,0.000000000000000000e+00
7.552148060811414432e+00,4.672912678070054504e+00,1.000000000000000000e+00
3.214123720708517151e+00,7.290335521932759022e+00,1.000000000000000000e+00
4.943288755664768885e+00,9.601280281213282919e+00,1.000000000000000000e+00
5.191211937279426536e+00,5.666622546275991823e+00,0.000000000000000000e+00
6.499731996829133607e+00,4.921105467942546774e+00,1.000000000000000000e+00
8.565126261656450524e+00,3.326736901331026619e+00,1.000000000000000000e+00
8.051503023045212259e+00,7.887957582066618123e-02,1.000000000000000000e+00
2.854699840273430489e+00,1.327700884453747454e+00,0.000000000000000000e+00
5.132726289049633905e+00,1.419792594535235208e+00,1.000000000000000000e+00
7.679988924709626019e+00,3.092459218373090124e+00,1.000000000000000000e+00
7.514890444870770736e+00,1.430308523544001620e+00,1.000000000000000000e+00
8.251390868770362985e+00,1.689338295443718607e+00,1.000000000000000000e+00
7.264301190811208286e+00,8.454996196024920252e+00,0.000000000000000000e+00
5.314017031073684727e+00,7.645711653139541042e+00,0.000000000000000000e+00
9.616931164780142538e+00,7.077760083294723614e+00,0.000000000000000000e+00
1.695925076680526722e+00,8.319947196349811946e+00,1.000000000000000000e+00
4.569753190338597726e+00,6.163801737929317071e+00,1.000000000000000000e+00
3.234446628490472708e-01,2.053885287023350159e+00,0.000000000000000000e+00
1.688510997320068485e+00,1.609314632602419914e+00,0.000000000000000000e+00
2.857978902354278983e+00,7.731279111203566146e+00,1.000000000000000000e+00
4.363530967581768394e+00,5.192086896549241715e-01,0.000000000000000000e+00
4.608893912017220984e+00,7.668411733818837561e+00,1.000000000000000000e+00
1.604968299539083487e+00,8.232629493281040212e+00,1.000000000000000000e+00
2.919464518921990326e+00,8.848815763673524515e+00,1.000000000000000000e+00
5.509203056544420551e-01,6.625047774145764734e+00,1.000000000000000000e+00
5.170249956549289649e+00,5.661160273865228909e+00,0.000000000000000000e+00
4.987696406663469695e+00,6.373173345607932916e+00,1.000000000000000000e+00
2.813521082046740673e+00,7.618691749784502143e+00,1.000000000000000000e+00
5.995350092433632483e+00,7.169697167233616497e+00,0.000000000000000000e+00
7.344154977061317702e+00,5.958657624894875049e+00,0.000000000000000000e+00
4.503629100725109247e+00,1.015383223219000763e+00,0.000000000000000000e+00
8.530096334041006756e+00,5.460280490942231779e+00,0.000000000000000000e+00
7.112523013105176872e+00,7.322442416232305185e+00,0.000000000000000000e+00
8.350477276335508847e+00,8.534481303462209567e+00,0.000000000000000000e+00
8.854769654290731040e+00,9.342325101852550162e+00,0.000000000000000000e+00
7.446528337389764829e+00,1.537822664005481510e+00,1.000000000000000000e+00
5.835588438182570670e-01,7.738932732114173874e+00,1.000000000000000000e+00
9.181975196670475015e+00,6.097611869890000591e+00,0.000000000000000000e+00
2.899175650373399193e+00,4.614543756602792257e+00,0.000000000000000000e+00
6.959581915651287254e+00,3.675487269843134897e+00,1.000000000000000000e+00
5.101305561047793979e+00,4.900184510841759433e+00,1.000000000000000000e+00
3.562829894744315773e+00,6.451892908132556670e+00,1.000000000000000000e+00
6.315227653320762968e+00,2.007214790826596928e+00,1.000000000000000000e+00
1.124812067133460491e+00,7.473537049696089341e+00,1.000000000000000000e+00
8.921601355177683601e+00,1.337149328746304322e+00,1.000000000000000000e+00
4.050100509220312617e+00,3.978700656321993989e+00,0.000000000000000000e+00
3.314329441282071187e-01,2.181954208696974540e+00,0.000000000000000000e+00
3.358048411112757314e+00,8.299859246829277559e-01,0.000000000000000000e+00
3.234837560868424333e+00,9.896971932052839094e+00,1.000000000000000000e+00
6.940827611048604240e+00,8.825894859183289753e+00,0.000000000000000000e+00
1.280565064330005942e+00,7.990394965836246755e+00,1.000000000000000000e+00
1.724986589429909900e+00,5.380174953461418497e+00,1.000000000000000000e+00
7.829927917572470975e+00,5.649994457542640625e+00,0.000000000000000000e+00
7.548777235706938260e-01,5.601566975284196559e+00,1.000000000000000000e+00
5.101711851607531933e+00,8.402533919093079007e+00,0.000000000000000000e+00
3.459351166550339585e+00,8.179968586481566106e+00,1.000000000000000000e+00
6.794991276298933958e-01,1.198820749379609918e+00,0.000000000000000000e+00
4.240990320007197667e+00,3.679114397100779144e+00,0.000000000000000000e+00
8.701741347081092925e+00,1.240956914296169611e+00,1.000000000000000000e+00
7.591762474744778721e-01,7.737849589738143408e+00,1.000000000000000000e+00
9.192690183906988111e+00,7.595976276142445194e+00,0.000000000000000000e+00
3.757717201250361239e+00,4.891318728889709533e+00,0.000000000000000000e+00
9.239957599824673906e+00,5.895206175345065525e+00,0.000000000000000000e+00
1.884884158474743332e+00,3.103469267849945368e+00,0.000000000000000000e+00
2.399272097134531379e+00,1.526940162086479758e+00,0.000000000000000000e+00
6.417769729753261210e+00,6.564190166622185796e-01,1.000000000000000000e+00
7.331630709587864558e+00,9.446710302754519617e+00,0.000000000000000000e+00
8.139448945467037788e+00,9.494354155507899407e+00,0.000000000000000000e+00
4.124276700243009408e+00,2.591938001059762797e+00,0.000000000000000000e+00
2.933457691137588697e+00,9.142357975430886796e+00,1.000000000000000000e+00
8.190820186033450412e+00,8.801618163601154787e-01,1.000000000000000000e+00
4.767165710839785575e+00,8.870330220114663877e-01,0.000000000000000000e+00
1.544921709843213309e+00,4.762474607546309358e+00,0.000000000000000000e+00
8.924804461819897838e+00,9.556087359103386802e+00,0.000000000000000000e+00
4.715700617828377794e-01,3.380053477808515616e+00,0.000000000000000000e+00
7.231946251850586371e+00,8.751196502639825070e+00,0.000000000000000000e+00
2.116830911820906103e+00,1.098601474827886060e+00,0.000000000000000000e+00
1.982841907877074261e+00,5.732277791255830479e+00,1.000000000000000000e+00
5.337421780129771420e+00,9.686169540081380092e+00,0.000000000000000000e+00
6.610979329090587164e+00,8.396224431521909892e+00,0.000000000000000000e+00
6.214663258124221379e+00,8.920619965713100896e+00,0.000000000000000000e+00
6.203699442560961508e-01,3.435109221709309324e+00,0.000000000000000000e+00
2.556570233206864273e+00,5.938037365051560101e+00,1.000000000000000000e+00
1.005340468526531028e+00,4.999190162677432880e+00,0.000000000000000000e+00
7.917364607520860353e-01,1.314577009324451318e+00,0.000000000000000000e+00
7.612285109349954837e+00,1.063221383699612943e+00,1.000000000000000000e+00
8.829216710528761780e+00,4.024242741881081109e+00,1.000000000000000000e+00
1.441259251905113725e-01,2.253538128077983149e+00,0.000000000000000000e+00
8.058948979967761161e+00,6.666689884927858856e+00,0.000000000000000000e+00
1.064082844167690833e-01,4.312130010659274149e+00,0.000000000000000000e+00
7.140825105723056510e+00,3.526688879926883402e+00,1.000000000000000000e+00
3.643139033304865215e-01,2.088685202669180452e+00,0.000000000000000000e+00
7.509972956129438160e+00,8.630727847926056739e+00,0.000000000000000000e+00
1.220132949692205315e+00,7.345873984673962021e+00,1.000000000000000000e+00
7.221384044919465950e+00,4.256822854210073892e-01,1.000000000000000000e+00
2.719108098260095474e+00,9.454117141363045818e+00,1.000000000000000000e+00
9.041986967994850133e+00,1.892189490648082950e+00,1.000000000000000000e+00
6.208444803037298954e+00,7.230436602563001358e+00,0.000000000000000000e+00
7.901397239465439704e+00,4.232710696914351090e+00,1.000000000000000000e+00
3.127782741844258307e+00,2.489370901538452419e+00,0.000000000000000000e+00
6.534484973641754735e+00,2.797254392051561567e+00,1.000000000000000000e+00
9.133673182053533068e+00,4.550628724825100946e+00,1.000000000000000000e+00
8.657096192301397153e+00,6.235724789773607668e+00,0.000000000000000000e+00
5.420761998278522675e+00,9.129365210594725610e+00,0.000000000000000000e+00
6.958144528619771840e+00,2.833223680839824787e-02,1.000000000000000000e+00
7.452874761022822092e+00,6.155326656260053042e+00,0.000000000000000000e+00
5.212444029910056287e+00,5.895552324854609338e+00,0.000000000000000000e+00
1.102286938025212049e+00,8.498657396315131507e+00,1.000000000000000000e+00
5.745229746287484396e+00,7.198191012290921620e+00,0.000000000000000000e+00
8.136180685168039162e+00,3.584216665581738681e+00,1.000000000000000000e+00
1.467293336919900382e+00,7.972553598032721567e+00,1.000000000000000000e+00
5.554899219941527022e+00,6.553264568787630751e+00,0.000000000000000000e+00
1.516651420445775944e+00,1.869325157128682857e+00,0.000000000000000000e+00
6.539199724769907185e+00,6.897374964406258968e+00,0.000000000000000000e+00
4.388464806352420311e+00,5.902615174448411217e+00,1.000000000000000000e+00
4.282294206652625945e-01,4.740409789976785859e+00,0.000000000000000000e+00
5.312727857903606576e+00,1.446401264350739568e+00,1.000000000000000000e+00
6.256926708535395676e+00,4.445471406001692216e+00,1.000000000000000000e+00
5.395531835704057144e+00,5.905886455946641078e+00,0.000000000000000000e+00
9.116302738227195945e+00,4.630182418458770321e+00,1.000000000000000000e+00
2.383247783943721387e+00,2.366716830079139910e+00,0.000000000000000000e+00
3.338896993470115149e+00,7.657745980760804372e+00,1.000000000000000000e+00
4.173947447172875691e+00,1.896823576198697348e+00,0.000000000000000000e+00
2.671544798285485633e-01,7.252838500102829045e+00,1.000000000000000000e+00
7.225125849851975701e+00,2.340061551360446135e+00,1.000000000000000000e+00
4.725071532280583853e+00,1.691881175145795169e+00,0.000000000000000000e+00
6.466014081738213015e+00,2.045669492895481945e+00,1.000000000000000000e+00
4.471475989598372891e+00,4.997497835184488757e+00,0.000000000000000000e+00
7.714058855307084350e+00,7.098982076658899576e-01,1.000000000000000000e+00
1.703856261336537115e+00,1.204423247109090989e+00,0.000000000000000000e+00
3.815850709407768715e+00,4.802041849644414384e+00,0.000000000000000000e+00
1.391635308953559358e+00,6.062506532346551680e+00,1.000000000000000000e+00
7.765165246142434086e+00,9.579773111694589449e-01,1.000000000000000000e+00
8.835691227242080004e+00,3.154954485298643085e+00,1.000000000000000000e+00
1.882858961277634746e+00,2.170337660775182087e+00,0.000000000000000000e+00
7.531776059009338553e+00,6.036361774610030650e+00,0.000000000000000000e+00
2.628428682414903683e+00,8.709355159061013651e+00,1.000000000000000000e+00
4.336241714104389189e+00,5.292289700774873040e+00,1.000000000000000000e+00
9.348272979969626917e+00,7.886610202004332493e+00,0.000000000000000000e+00
8.489275514054405392e+00,6.180430353084586770e+00,0.000000000000000000e+00
3.697307109628185984e+00,9.570594386642024887e+00,1.000000000000000000e+00
8.365146165369271358e+00,5.026308840288066904e+00,0.000000000000000000e+00
1.346712119452275758e-01,5.797615756810715837e+00,1.000000000000000000e+00
5.513253414979805811e+00,3.028350935101966623e+00,1.000000000000000000e+00
6.522060602362874882e+00,4.165214905095898423e+00,1.000000000000000000e+00
2.801750591486568354e+00,9.542731292949504507e+00,1.000000000000000000e+00
8.463795111973848595e-01,4.697322733507764525e+00,0.000000000000000000e+00
5.131606388983323441e+00,4.549868563967653046e+00,1.000000000000000000e+00
3.636911917839789066e+00,5.481712039363162425e+00,1.000000000000000000e+00
5.530223567137167784e+00,8.339193092223499804e+00,0.000000000000000000e+00
8.400364434081414089e+00,2.863503081247364079e+00,1.000000000000000000e+00
9.678383925661137255e+00,2.267388784539941859e+00,1.000000000000000000e+00
3.942650835870320503e+00,1.458655429600412834e+00,0.000000000000000000e+00
1.014960757893087484e+00,9.222954284549000903e-03,0.000000000000000000e+00
7.119094044689455725e-01,8.686878398728603567e-01,0.000000000000000000e+00
6.977281627060256675e+00,6.114275502275750895e+00,0.000000000000000000e+00
2.447274697381498498e+00,6.761498487717410022e+00,1.000000000000000000e+00
2.125140704048660290e+00,7.026230644549999127e+00,1.000000000000000000e+00
2.771043172676565192e+00,8.170343270805204838e+00,1.000000000000000000e+00
4.456169851135468818e+00,2.047716625186541961e+00,0.000000000000000000e+00
6.844201470551482203e+00,1.815299096595940354e+00,1.000000000000000000e+00
9.561432503297147889e+00,6.473440760481898870e+00,0.000000000000000000e+00
1.237391071528759490e-01,4.978432251449058654e+00,0.000000000000000000e+00
3.378578595763403136e+00,9.119527818484288062e+00,1.000000000000000000e+00
6.231916261743052132e+00,6.686692363332143785e+00,0.000000000000000000e+00
9.019170030472373867e+00,2.011104749223164845e+00,1.000000000000000000e+00
9.495686128925340697e+00,3.391078200667304365e+00,1.000000000000000000e+00
1.578944130716342098e+00,9.157253775702777432e+00,1.000000000000000000e+00
6.418986440118956693e-02,1.780971993083895200e+00,0.000000000000000000e+00
8.971687710782079606e+00,2.908171019576029970e+00,1.000000000000000000e+00
5.427448271716109218e+00,3.801022534871834058e+00,1.000000000000000000e+00
3.224564291894060908e-01,9.796674597595572465e+00,1.000000000000000000e+00
7.455342921965394609e+00,6.982633449013575522e+00,0.000000000000000000e+00
2.906645849200040210e+00,5.384114719136823268e+00,1.000000000000000000e+00
5.013481816499457011e+00,3.942379469698821026e+00,1.000000000000000000e+00
6.647372401951842313e+00,9.977401204553332903e+00,0.000000000000000000e+00
1.116712304413867152e+00,4.646172961139183322e+00,0.000000000000000000e+00
6.775270688974722511e+00,6.982374854432914724e+00,0.000000000000000000e+00
7.700185217950918037e+00,5.056497312778064135e+00,0.000000000000000000e+00
4.535245112431524284e+00,6.706833000373828568e+00,1.000000000000000000e+00
9.529461375288194702e+00,2.508323374145754237e+00,1.000000000000000000e+00
1.335154150925713656e+00,2.835019223004286992e-01,0.000000000000000000e+00
9.187027577292777636e+00,6.935870412241740279e-01,1.000000000000000000e+00
6.894132360115831304e+00,8.413203590115765351e+00,0.000000000000000000e+00
8.345246773559662046e+00,8.941606927046723996e+00,0.000000000000000000e+00
2.483235878851208778e-01,7.495678602238580623e+00,1.000000000000000000e+00
7.654461955061866441e+00,3.584413316523971993e+00,1.000000000000000000e+00
2.788048712022817011e-01,6.179259005174272623e+00,1.000000000000000000e+00
1.181024415865372656e+00,2.091096421433459085e+00,0.000000000000000000e+00
9.095003074491877726e+00,3.557394006488439064e+00,1.000000000000000000e+00
8.025939677991674515e+00,5.433900112833145446e-01,1.000000000000000000e+00
9.303264502656636736e+00,5.172265869681373474e+00,0.000000000000000000e+00
6.060912458209663178e+00,5.064076303953437552e+00,0.000000000000000000e+00
5.480905910980321316e+00,5.744958346160704110e+00,0.000000000000000000e+00
7.565917465960263044e+00,1.413797630852172693e+00,1.000000000000000000e+00
4.283576829949049980e+00,4.342605144336455503e+00,0.000000000000000000e+00
3.929211569906716495e+00,5.791684928423888934e+00,1.000000000000000000e+00
3.585006114690040491e+00,2.513232940905909540e+00,0.000000000000000000e+00
5.808830517348090083e+00,1.681236642757453215e+00,1.000000000000000000e+00
6.197217287426536103e+00,7.088729790583707668e+00,0.000000000000000000e+00
7.745466799362374921e+00,5.387998189885182754e+00,0.000000000000000000e+00
2.338348954246719735e+00,7.640400322412058465e+00,1.000000000000000000e+00
9.673254280870747124e+00,4.398929866395287824e+00,1.000000000000000000e+00
6.156521520026672967e+00,1.259904654151613457e+00,1.000000000000000000e+00
8.256531361304872974e+00,8.275323827502978347e-01,1.000000000000000000e+00
1.165816922257134625e+00,2.377679113861463911e+00,0.000000000000000000e+00
5.652993969120434059e+00,4.887463436036981079e+00,1.000000000000000000e+00
1.518122111874159463e+00,8.456693017634345111e+00,1.000000000000000000e+00
5.156484201587739236e+00,7.929377768833506757e+00,0.000000000000000000e+00
1.489583689523310550e-01,8.327882290090384387e+00,1.000000000000000000e+00
4.855525327525533008e+00,7.634600588095235452e+00,1.000000000000000000e+00
7.771814478897493217e+00,7.084125858830027767e+00,0.000000000000000000e+00
8.032881678052506302e+00,9.102688544268826121e+00,0.000000000000000000e+00
2.248148744400053634e+00,1.300249855220680928e+00,0.000000000000000000e+00
8.037955782368111812e+00,3.576551684452869750e+00,1.000000000000000000e+00
3.207876185576779005e+00,6.741487238041593777e+00,1.000000000000000000e+00
8.782293353609947673e+00,1.450371790026531160e+00,1.000000000000000000e+00
9.758732026872730003e+00,1.237636704655858955e+00,1.000000000000000000e+00
3.271423189327964387e+00,3.926474100051543736e+00,0.000000000000000000e+00
1.126177192403633454e+00,8.868856334820060638e+00,1.000000000000000000e+00
2.329453997799019405e+00,1.149685335242845996e+00,0.000000000000000000e+00
7.288228937901064519e-01,1.516923402850477443e+00,0.000000000000000000e+00
2.279765802499976957e+00,1.108926902300887418e+00,0.000000000000000000e+00
2.078883201420088866e+00,4.261145072403729195e+00,0.000000000000000000e+00
7.004118755601835389e+00,2.643176698428443494e+00,1.000000000000000000e+00
7.798836623251659717e+00,9.881637613133786857e+00,0.000000000000000000e+00
3.007766785729188985e+00,5.280044133617916913e+00,1.000000000000000000e+00
4.397024614435385281e-01,5.772742364175138974e+00,1.000000000000000000e+00
7.000182266893588690e+00,3.220689848283475598e-01,1.000000000000000000e+00
2.797363738256422927e+00,2.451157124943399435e+00,0.000000000000000000e+00
5.735308318660601756e+00,1.729990604279904032e+00,1.000000000000000000e+00
4.867065271675571125e+00,5.546770387036578320e+00,1.000000000000000000e+00
6.536040226843368828e+00,2.779752892701098155e+00,1.000000000000000000e+00
9.106615519302785344e-01,7.681291546781418234e+00,1.000000000000000000e+00
6.164321194490031353e+00,5.378727246965889108e+00,0.000000000000000000e+00
2.499201433447720611e+00,3.648965352453680033e+00,0.000000000000000000e+00
5.715382623249590566e+00,1.294400015426722117e-01,1.000000000000000000e+00
3.085984845608837013e+00,2.888018755072132571e+00,0.000000000000000000e+00
8.490105598450972124e+00,1.407614626088471432e-01,1.000000000000000000e+00
8.415410828215517114e+00,8.711286970144398012e+00,0.000000000000000000e+00
1.568280286992074224e-01,9.376824605060678053e+00,1.000000000000000000e+00
9.583195200131841673e+00,5.040548914759109600e+00,0.000000000000000000e+00
5.093252961315153371e-01,6.749763770191520074e+00,1.000000000000000000e+00
4.167827423593029934e+00,5.320714090654570683e+00,1.000000000000000000e+00
2.662361315877159740e-02,8.373119469972001294e-01,0.000000000000000000e+00
6.648714958939542896e+00,7.737672519933024518e+00,0.000000000000000000e+00
5.474497839686205403e+00,2.502658953764625771e+00,1.000000000000000000e+00
7.742542354296976015e+00,4.368734075426572439e-01,1.000000000000000000e+00
3.017597306701653714e+00,2.938983262989331990e+00,0.000000000000000000e+00
8.067714215621176521e+00,5.511520356458906811e+00,0.000000000000000000e+00
1.937530387748584992e+00,4.471507196017871166e+00,0.000000000000000000e+00
5.064713287958911181e+00,3.697890711007260300e+00,1.000000000000000000e+00
1.940560671402254966e+00,5.910767522415136810e+00,1.000000000000000000e+00
4.202380536959690716e+00,5.989256377521168240e+00,1.000000000000000000e+00
1.328787976653083014e+00,1.217176714614494060e+00,0.000000000000000000e+00
9.250820024856631907e-01,1.229464830166950851e+00,0.000000000000000000e+00
3.365422904935122528e+00,5.539959192837135227e+00,1.000000000000000000e+00
6.267138573213809849e+00,3.616298904523245206e+00,1.000000000000000000e+00
5.541333581141461018e+00,1.189380250433110797e+00,1.000000000000000000e+00
8.118768932326215548e+00,3.764608780823736289e+00,1.000000000000000000e+00
5.109291512459211759e+00,5.578295250541994932e+00,0.000000000000000000e+00
3.062681169504570811e+00,9.280578778033166998e+00,1.000000000000000000e+00
8.416062440281177004e+00,8.328118395297290366e-01,1.000000000000000000e+00
7.501128783675206968e+00,8.763158379850526813e+00,0.000000000000000000e+00
1.539003450943128293e+00,5.655919965531486238e-01,0.000000000000000000e+00
5.472035565856030459e+00,6.669237222777957275e-01,1.000000000000000000e+00
8.919248598410721485e+00,9.904800035621990517e+00,0.000000000000000000e+00
6.948748860630643343e+00,2.362537286354161381e+00,1.000000000000000000e+00
3.379962243562593116e+00,8.366111364053130384e-01,0.000000000000000000e+00
8.790180461196632322e+00,6.111264542901574615e+00,0.000000000000000000e+00
2.237065229431542956e+00,4.238647939989856894e+00,0.000000000000000000e+00
6.018953633812196280e-01,6.076799835266855965e+00,1.000000000000000000e+00
3.220815098056978520e+00,4.361673409459929651e+00,0.000000000000000000e+00
9.466587859866432808e+00,3.870086536414429901e-01,1.000000000000000000e+00
2.294811288752478529e+00,7.356376021572774704e-01,0.000000000000000000e+00
4.197661842263913812e+00,3.025980471614568845e+00,0.000000000000000000e+00
4.402430250668118994e+00,9.662132203560441113e+00,1.000000000000000000e+00
3.738338600171979831e+00,7.112892833258751324e+00,1.000000000000000000e+00
8.478654751234547149e+00,3.226121863239084231e+00,1.000000000000000000e+00
5.665679166787311871e+00,2.845014516268005167e+00,1.000000000000000000e+00
3.793497854249444856e+00,1.734935110866600017e+00,0.000000000000000000e+00
8.139398906350351126e+00,3.295609763433682282e-01,1.000000000000000000e+00
9.910377448904716946e-01,7.825722734473816722e+00,1.000000000000000000e+00
8.959031045497500401e+00,3.720255090887913951e-02,1.000000000000000000e+00
3.690598315296199416e+00,6.869539410074359864e+00,1.000000000000000000e+00
9.298478743816993131e+00,1.196962038855051702e+00,1.000000000000000000e+00
7.525978200039979527e+00,4.961101220673120871e+00,1.000000000000000000e+00
4.628446398388650351e+00,5.920292502345399832e+00,1.000000000000000000e+00
2.225497657030221177e+00,2.627943053526130335e+00,0.000000000000000000e+00
5.183089854082693293e+00,5.905311772658174974e+00,0.000000000000000000e+00
5.682759690030506405e+00,6.186080741486132961e-01,1.000000000000000000e+00
3.181775903200910527e+00,5.579801069647958300e+00,1.000000000000000000e+00
1.489129649089578900e+00,3.270017400157802179e+00,0.000000000000000000e+00
2.861649411941672660e+00,5.782970912394864271e+00,1.000000000000000000e+00
2.818916692831280102e+00,9.008397007123376099e+00,1.000000000000000000e+00
4.102578626706037568e+00,9.538946323895077128e+00,1.000000000000000000e+00
6.015525142882661491e+00,1.033307830864138577e+00,1.000000000000000000e+00
3.562810802190382375e+00,3.296611060626635226e+00,0.000000000000000000e+00
3.540574369895663764e+00,9.642759111719943377e+00,1.000000000000000000e+00
2.504506455243688201e+00,9.335288678841420662e+00,1.000000000000000000e+00
7.110814683137802739e+00,3.944221875270063293e+00,1.000000000000000000e+00
6.560279597790654726e+00,7.269147095218060350e+00,0.000000000000000000e+00
6.324570836308167188e+00,4.102368268414954500e+00,1.000000000000000000e+00
2.446575244186537379e+00,3.895919835791850083e-01,0.000000000000000000e+00
9.151175216605338392e+00,3.482443886864442284e+00,1.000000000000000000e+00
9.307837994705575824e+00,7.643786177224738410e+00,0.000000000000000000e+00
4.679327164239809989e+00,9.698989038099194104e+00,1.000000000000000000e+00
8.492207906298428810e+00,6.649690213324270793e+00,0.000000000000000000e+00
6.344575064696992506e+00,1.393976246379483586e+00,1.000000000000000000e+00
4.854962421909404746e+00,9.129563554289314098e+00,1.000000000000000000e+00
5.078854895796015789e+00,1.337900208335056629e+00,1.000000000000000000e+00
7.441095413527445857e+00,3.525054012474415632e-01,1.000000000000000000e+00
9.864884645500019644e+00,7.398991295001779989e+00,0.000000000000000000e+00
9.917788113041831721e+00,5.989213836900024290e+00,0.000000000000000000e+00
2.128891058676543935e+00,5.539853226538106412e+00,1.000000000000000000e+00
6.217001304671866180e+00,9.907355452693689557e+00,0.000000000000000000e+00
7.427626205708978802e+00,7.576880659964084330e+00,0.000000000000000000e+00
4.325161482387073875e+00,4.890759264121399497e+00,0.000000000000000000e+00
3.361986952443810850e+00,6.002702416976576139e+00,1.000000000000000000e+00
8.644493376438997956e+00,3.930203619563864770e+00,1.000000000000000000e+00
6.381246873873395842e+00,1.135348992017628511e+00,1.000000000000000000e+00
7.464016755852297180e+00,1.033558388004341966e+00,1.000000000000000000e+00
6.783911738091279453e+00,7.223086405680706257e+00,0.000000000000000000e+00
3.374206451353898295e+00,1.165895131589831379e+00,0.000000000000000000e+00
7.312623497371495418e-02,1.524409230577418173e+00,0.000000000000000000e+00
4.940208370799681337e-01,4.346164470426298720e+00,0.000000000000000000e+00
7.117254414365121740e+00,6.990855437208804979e+00,0.000000000000000000e+00
6.446612887746317355e+00,2.651469874215661715e-01,1.000000000000000000e+00
6.620552972341223530e+00,8.338363227924784127e+00,0.000000000000000000e+00
7.962010985070556934e+00,9.630133325478817952e+00,0.000000000000000000e+00
6.313669083030561957e+00,3.780686639226538137e+00,1.000000000000000000e+00
1.217498082921852909e-01,1.009253169332963163e+00,0.000000000000000000e+00
2.556875373027115650e+00,1.137653992412595017e+00,0.000000000000000000e+00
4.835533535287095397e-02,4.798037613684091873e+00,0.000000000000000000e+00
4.592918427302388196e+00,6.777178759309574474e+00,1.000000000000000000e+00
9.390210695085526638e+00,6.407847184140282870e+00,0.000000000000000000e+00
7.267784673587812883e+00,9.555959959066225196e+00,0.000000000000000000e+00
2.726870759602442185e+00,2.549017383282664362e+00,0.000000000000000000e+00
1.435869781063197070e+00,7.820347978978680281e+00,1.000000000000000000e+00
2.001167331092996715e+00,2.214031012935739895e+00,0.000000000000000000e+00
6.979808119754956408e+00,1.460725748284530390e+00,1.000000000000000000e+00
8.373823800634621506e+00,3.899747948588806246e+00,1.000000000000000000e+00
5.043455053756518147e-01,1.001613739442605011e+00,0.000000000000000000e+00
9.974254258718382005e+00,8.147357053247217706e+00,0.000000000000000000e+00
2.687945734039394186e+00,1.255501804367696872e+00,0.000000000000000000e+00
8.214174814540834646e+00,4.617434604478244609e+00,1.000000000000000000e+00
9.623470422844054184e+00,1.757354298847166874e+00,1.000000000000000000e+00
6.437338175002510710e+00,6.096939548916236795e+00,0.000000000000000000e+00
2.484187596747677862e+00,7.628826069541880806e+00,1.000000000000000000e+00
5.677371835874131634e+00,3.719349454343984007e+00,1.000000000000000000e+00
3.682596580185340862e+00,7.920191841655897846e+00,1.000000000000000000e+00
4.528603029976025596e+00,4.176111284696636616e+00,0.000000000000000000e+00
3.987656198563227505e-02,3.378676497459176531e-01,0.000000000000000000e+00
6.789607196042552140e+00,8.074702126095083088e+00,0.000000000000000000e+00
7.196596610283302553e+00,2.339311944311917024e+00,1.000000000000000000e+00
8.623806584297192046e+00,9.272249422939184527e+00,0.000000000000000000e+00
3.217153350378500143e+00,1.950176813677003684e+00,0.000000000000000000e+00
8.816055822700796796e-01,9.290516324360059031e+00,1.000000000000000000e+00
1.761405904690260815e-01,3.821548084719279537e+00,0.000000000000000000e+00
9.844970462483615403e-01,9.314352990944552158e-01,0.000000000000000000e+00
2.433357397584697601e+00,5.460922993456560626e+00,1.000000000000000000e+00
2.085404007172009244e-01,3.419692784153195220e+00,0.000000000000000000e+00
7.528557749412186695e+00,1.083928003673008122e+00,1.000000000000000000e+00
5.158247786261501489e+00,4.211308614825597374e+00,1.000000000000000000e+00
4.933573377502477264e+00,7.912980925879527838e+00,1.000000000000000000e+00
8.711413234146936801e+00,4.403037378424875747e+00,1.000000000000000000e+00
8.112975709338950736e+00,5.664054338121793375e-01,1.000000000000000000e+00
4.447838491462113630e+00,7.305034501268647062e+00,1.000000000000000000e+00
8.361577245396711433e+00,4.064151874743836323e+00,1.000000000000000000e+00
5.663422921539363664e+00,4.342581671303634039e+00,1.000000000000000000e+00
8.412419145268612564e-01,8.150356120501813351e+00,1.000000000000000000e+00
3.835026019685247256e+00,9.310009369904467036e+00,1.000000000000000000e+00
1.772654868692684627e+00,4.976271580415714268e-01,0.000000000000000000e+00
8.273952467478228101e+00,8.755107267632915580e+00,0.000000000000000000e+00
2.208076610744409418e+00,6.465770040039165778e+00,1.000000000000000000e+00
2.504614130232674096e+00,5.752307713287950541e+00,1.000000000000000000e+00
5.743918661330488007e+00,3.929377364960540131e+00,1.000000000000000000e+00
9.201718265362355709e+00,2.585013711259240843e+00,1.000000000000000000e+00
8.751773849345532597e+00,9.165799037463463250e+00,0.000000000000000000e+00
4.189631462241188764e+00,9.718704271843485287e+00,1.000000000000000000e+00
2.889917469934647265e+00,1.841101327043175306e+00,0.000000000000000000e+00
5.995001136855955259e+00,4.286304273457156810e+00,1.000000000000000000e+00
2.992636587272686555e+00,6.125370138072960824e-01,0.000000000000000000e+00
6.961569155471726056e+00,7.979303477784920773e+00,0.000000000000000000e+00
7.069759607707340798e+00,1.004387460603293203e+00,1.000000000000000000e+00
5.008728173997623934e+00,3.434126457234676355e-01,1.000000000000000000e+00
2.544295586794586228e+00,7.260126620766880201e+00,1.000000000000000000e+00
2.430437536341427673e+00,2.952443320519313463e+00,0.000000000000000000e+00
3.929610464819495164e+00,2.799888209406040662e+00,0.000000000000000000e+00
2.860662532074535136e+00,1.126454848204646586e+00,0.000000000000000000e+00
7.821306783793174233e+00,9.506369046358065233e+00,0.000000000000000000e+00
2.626475046674270342e+00,7.630322291708555582e+00,1.000000000000000000e+00
8.108278119801204387e-01,8.597874935776406602e+00,1.000000000000000000e+00
6.037114241543309667e+00,1.688739788521909091e-01,1.000000000000000000e+00
4.074179056964498002e+00,9.177132439967698119e+00,1.000000000000000000e+00
7.346004661021538595e+00,5.853529259654692396e+00,0.000000000000000000e+00
3.381859069715398292e-01,2.794976263131592198e+00,0.000000000000000000e+00
8.800890501958978263e+00,1.068012530254480730e-01,1.000000000000000000e+00
1.317624105257697575e-01,4.996489038261317184e+00,0.000000000000000000e+00
1.901618136932013980e+00,1.893124837639470481e+00,0.000000000000000000e+00
6.519827437698802797e+00,1.703771467529782146e+00,1.000000000000000000e+00
6.745327751549847761e+00,9.085646675995736388e+00,0.000000000000000000e+00
5.058717592396410723e+00,8.068525933960103202e+00,0.000000000000000000e+00
9.431784521321572967e+00,3.271828819908938257e+00,1.000000000000000000e+00
2.665653515844947030e+00,3.557629794838612636e+00,0.000000000000000000e+00
1.615265506981472532e+00,1.883209580082588763e+00,0.000000000000000000e+00
9.113500846256965104e+00,6.246495811663260511e+00,0.000000000000000000e+00
8.116711293181204212e+00,4.021996866597535636e+00,1.000000000000000000e+00
7.686191116375789889e+00,1.722348574373958607e+00,1.000000000000000000e+00
3.873405090037906007e+00,5.225281813737008285e+00,1.000000000000000000e+00
4.205537098416792574e+00,6.533693440499449778e+00,1.000000000000000000e+00
9.815382673007167824e+00,9.281584926570090488e+00,0.000000000000000000e+00
2.995610932416851391e+00,1.968578549762248775e+00,0.000000000000000000e+00
3.894571819700765936e+00,6.961081815115482740e+00,1.000000000000000000e+00
1.976794062742625036e+00,6.274863842409958536e+00,1.000000000000000000e+00
2.912338266817937615e-01,2.700259872308989895e+00,0.000000000000000000e+00
9.323895632760496710e+00,6.452313743714478633e+00,0.000000000000000000e+00
9.568589465292951957e+00,7.793637264551406929e+00,0.000000000000000000e+00
6.943069553956058293e+00,7.544331206856380589e-02,1.000000000000000000e+00
9.931091415154103430e+00,3.647459261819527843e+00,1.000000000000000000e+00
5.677640055702602773e+00,5.350635252713668244e+00,0.000000000000000000e+00
3.834420808793452817e+00,3.926343519927012693e+00,0.000000000000000000e+00
5.143700078496453720e+00,4.962323364217930077e+00,1.000000000000000000e+00
6.390560961551797980e+00,1.298651129915198155e+00,1.000000000000000000e+00
5.061918472071674557e+00,7.056723404371752828e+00,0.000000000000000000e+00
6.398004397258904241e+00,3.087654065351389754e+00,1.000000000000000000e+00
1.419137375468704221e-01,3.998115844678229447e-01,0.000000000000000000e+00
1.723384955635254290e+00,3.741228145949294870e+00,0.000000000000000000e+00
8.589085432660523267e+00,5.184319607027144450e+00,0.000000000000000000e+00
7.900849122407618275e+00,3.143169440070304965e+00,1.000000000000000000e+00
7.157250791459476069e+00,5.800125531740195406e+00,0.000000000000000000e+00
9.796700119656211569e+00,1.226627950228927899e+00,1.000000000000000000e+00
6.497095781389361502e-01,6.972194483364266837e+00,1.000000000000000000e+00
4.186611306461119675e+00,7.052369322842625188e+00,1.000000000000000000e+00
5.266238587456566478e+00,9.543031402421757292e+00,0.000000000000000000e+00
6.921688568019547461e+00,7.360022329341764369e+00,0.000000000000000000e+00
7.437524051262320413e+00,6.826541834615069249e+00,0.000000000000000000e+00
6.982130910684727354e+00,4.600711428436770056e+00,1.000000000000000000e+00
6.887890810694825561e+00,8.085999161332390273e+00,0.000000000000000000e+00
8.992198688495479431e+00,5.035492509854021748e+00,0.000000000000000000e+00
5.471917219825416012e+00,3.317290509693715528e+00,1.000000000000000000e+00
7.822266506919559603e+00,5.126848276519789138e+00,0.000000000000000000e+00
1.954303180730475598e+00,9.362773057775090280e+00,1.000000000000000000e+00
3.846716399564576783e+00,2.270951959720980184e+00,0.000000000000000000e+00
5.397701349818704308e+00,2.494033442046053040e+00,1.000000000000000000e+00
3.974336919535981227e+00,8.063756611268770413e+00,1.000000000000000000e+00
3.869608527840109335e+00,8.711243009258611281e+00,1.000000000000000000e+00
3.950872084548249230e+00,2.554388560507824479e+00,0.000000000000000000e+00
6.884329041226802559e+00,7.355470184134279776e+00,0.000000000000000000e+00
6.776436980266586474e+00,4.615563908873476784e+00,1.000000000000000000e+00
2.397533499019109726e+00,7.509148268337328069e+00,1.000000000000000000e+00
7.964473641194369513e-01,8.987018383752650053e+00,1.000000000000000000e+00
8.625434648323833997e+00,3.373896832100603760e+00,1.000000000000000000e+00
6.494785377860186948e+00,9.162136172725631411e+00,0.000000000000000000e+00
9.170484803224701054e+00,6.925433652987682542e+00,0.000000000000000000e+00
8.168845999226657995e+00,4.047081714811375797e+00,1.000000000000000000e+00
7.714290026208329820e+00,9.228178680760564134e+00,0.000000000000000000e+00
7.947429169762910917e+00,4.797477884261514447e+00,1.000000000000000000e+00
5.575521382059448250e+00,2.083431157998361982e+00,1.000000000000000000e+00
4.873781373849848109e+00,3.236178027279563718e+00,0.000000000000000000e+00
1.324863939337341812e+00,1.290295588081412648e+00,0.000000000000000000e+00
7.832142540616144899e+00,9.309933627616151508e-01,1.000000000000000000e+00
3.180501404311706359e+00,4.034349059375829327e+00,0.000000000000000000e+00
8.984494366017321099e+00,8.566766685957979632e+00,0.000000000000000000e+00
1.925307247234635533e+00,6.467101659356861099e+00,1.000000000000000000e+00
9.395256744000690219e+00,3.813780240864007354e+00,1.000000000000000000e+00
1.079582792855807716e+00,1.741437007503429113e+00,0.000000000000000000e+00
8.085737251213791055e+00,2.298940846865224152e+00,1.000000000000000000e+00
4.445055011671497525e+00,6.966472964376889010e+00,1.000000000000000000e+00
9.473125541104819192e+00,5.380092284310565631e+00,0.000000000000000000e+00
2.673884714663024909e+00,8.830757795492710116e+00,1.000000000000000000e+00
4.049122376727149586e+00,9.430947433754340636e+00,1.000000000000000000e+00
3.979685678181299480e+00,4.995020383627747584e+00,0.000000000000000000e+00
9.387662248977205692e+00,3.351729879036292381e+00,1.000000000000000000e+00
5.690361013303936843e+00,1.112607092627218019e+00,1.000000000000000000e+00
4.867723243261030674e+00,8.628355843068066022e+00,1.000000000000000000e+00
5.413982134466600371e+00,1.250298962139604342e+00,1.000000000000000000e+00
9.067049377408940458e+00,7.052639473159477923e+00,0.000000000000000000e+00
8.749491617345018568e+00,6.796689265673191649e+00,0.000000000000000000e+00
5.211688987941755613e+00,2.147482808219006500e+00,1.000000000000000000e+00
1.301937425844279517e+00,4.313967061580959772e+00,0.000000000000000000e+00
1.342255106677454624e+00,4.312728786713336149e+00,0.000000000000000000e+00
9.879044904264217664e+00,4.037780196005775757e+00,1.000000000000000000e+00
3.469171473957600504e+00,8.509882635226425407e+00,1.000000000000000000e+00
9.568990303842795697e+00,7.484933161822739045e+00,0.000000000000000000e+00
7.064953426034992212e+00,3.581325370225648896e+00,1.000000000000000000e+00
9.871031568334936779e+00,2.964638948013611497e+00,1.000000000000000000e+00
5.059290909380305123e+00,5.520809429407912639e+00,0.000000000000000000e+00
5.019297489797015288e+00,7.968139430752895436e+00,0.000000000000000000e+00
2.960113831841211240e+00,7.683334739544198655e+00,1.000000000000000000e+00
2.824930524294235745e+00,3.313175200188461567e+00,0.000000000000000000e+00
2.846381506323198973e+00,8.186002140124106319e+00,1.000000000000000000e+00
6.202300815742138873e+00,6.545857023911039185e-01,1.000000000000000000e+00
7.648843320586045103e+00,6.188432379487849744e+00,0.000000000000000000e+00
3.333352237075798641e+00,8.785259333031106621e+00,1.000000000000000000e+00
7.766085699167653011e+00,3.099821607820227864e+00,1.000000000000000000e+00
8.351780696483679378e+00,2.450962221133798025e+00,1.000000000000000000e+00
5.864534107157368226e+00,2.436829923567143119e+00,1.000000000000000000e+00
1.217126909776018451e+00,4.438631474920075703e+00,0.000000000000000000e+00
7.216841957931613649e+00,8.483333503132817199e-01,1.000000000000000000e+00
5.506047182562515907e+00,6.025451720367689390e+00,0.000000000000000000e+00
4.413527123611831193e+00,2.036615878970216897e+00,0.000000000000000000e+00
8.454369966738815023e+00,1.667809092108548663e+00,1.000000000000000000e+00
4.197698983112202242e+00,5.263251385352276657e+00,1.000000000000000000e+00
1.401207058979405673e+00,1.620993561611550060e-01,0.000000000000000000e+00
9.195484126116554080e+00,3.270974055192124030e+00,1.000000000000000000e+00
8.281675282789887405e+00,1.278472146425020384e+00,1.000000000000000000e+00
2.211714611507397343e+00,6.387202587675895771e+00,1.000000000000000000e+00
1.863057368228926425e+00,9.752396340457799795e+00,1.000000000000000000e+00
5.017806452455974231e+00,4.365663815750017385e+00,1.000000000000000000e+00
9.657169334507539560e+00,8.728898507381003924e+00,0.000000000000000000e+00
5.383853915367875498e-01,4.044915685762773272e-01,0.000000000000000000e+00
7.417419570047743882e+00,5.105543468161425125e+00,0.000000000000000000e+00
3.247511718395321711e+00,8.881440450639212614e+00,1.000000000000000000e+00
5.934009958475376934e+00,1.592179511485992682e+00,1.000000000000000000e+00
8.410650325191491916e+00,6.191166163403458711e+00,0.000000000000000000e+00
6.700386144831909085e+00,8.019843016403498837e+00,0.000000000000000000e+00
8.597602484244630361e+00,9.762285194128113019e+00,0.000000000000000000e+00
9.412258661580519270e-01,6.335733823923051844e+00,1.000000000000000000e+00
5.028889566293246460e+00,3.005881612121337199e+00,1.000000000000000000e+00
4.165224456198103553e+00,4.753190941181695273e+00,0.000000000000000000e+00
4.036784852797069334e+00,5.624667119161026463e+00,1.000000000000000000e+00
9.235224581897941931e+00,1.915127883143132870e+00,1.000000000000000000e+00
5.591159198300418964e+00,9.457031273455651643e-02,1.000000000000000000e+00
5.291805342616139995e+00,2.337976653644513458e-01,1.000000000000000000e+00
6.424326112898849139e+00,7.879594867118436596e+00,0.000000000000000000e+00
5.673631199242978873e+00,1.068363569496376675e+00,1.000000000000000000e+00
9.414743339956833879e+00,6.330847014235486903e+00,0.000000000000000000e+00
2.892766395635171239e+00,5.474838214142744519e+00,1.000000000000000000e+00
2.921514937649377863e+00,6.522120414087187790e+00,1.000000000000000000e+00
7.655909312261343302e+00,2.219616771070961114e+00,1.000000000000000000e+00
7.946614247156257527e+00,9.857552087306773458e+00,0.000000000000000000e+00
4.712582551621298244e+00,9.208860571754904356e+00,1.000000000000000000e+00
6.816733655856589635e+00,4.821506293145621846e+00,1.000000000000000000e+00
4.931365790943505800e+00,1.289418327750200266e+00,0.000000000000000000e+00
2.098195313697227782e+00,5.140790332232537452e+00,1.000000000000000000e+00
1.860020129991138971e+00,3.567732513406167705e+00,0.000000000000000000e+00
2.963563497514649647e+00,4.939743756530120322e+00,0.000000000000000000e+00
2.486012757596859579e+00,7.343235239096290723e-01,0.000000000000000000e+00
7.486328265792105086e+00,3.057271864605559664e-01,1.000000000000000000e+00
5.315728884045797464e+00,3.747038373908775366e+00,1.000000000000000000e+00
5.952470539533666560e+00,1.411176584777615872e+00,1.000000000000000000e+00
1.464224319643581129e-01,5.600325404491893977e+00,1.000000000000000000e+00
3.580589599963418301e+00,4.077017476905420157e-01,0.000000000000000000e+00
7.715659250738272412e+00,2.385181967943178272e+00,1.000000000000000000e+00
2.163739585711671687e+00,1.375707071336941256e+00,0.000000000000000000e+00
7.670604101966517874e+00,8.016040968172843506e+00,0.000000000000000000e+00
4.688706630348573157e+00,8.222782537018030524e+00,1.000000000000000000e+00
9.836410176838910502e+00,6.616407414156054045e+00,0.000000000000000000e+00
4.370148692865947204e+00,1.896417816676010393e-01,0.000000000000000000e+00
6.233923523755196427e+00,2.284602081055702172e+00,1.000000000000000000e+00
3.851972475022961362e+00,6.503977832382866531e+00,1.000000000000000000e+00
5.730145106733727012e+00,5.507384687329394346e+00,0.000000000000000000e+00
3.967895321090999516e+00,2.076555145719582995e+00,0.000000000000000000e+00
3.426909620316365146e-01,2.886695625657831332e+00,0.000000000000000000e+00
3.997459840651513829e+00,9.152854013249778209e-01,0.000000000000000000e+00
4.975395525285079223e+00,6.562783860494394439e+00,1.000000000000000000e+00
3.159015031274573282e+00,4.838416290860855895e+00,0.000000000000000000e+00
9.830128756658240707e-01,9.006619359772598088e+00,1.000000000000000000e+00
5.288000765067216946e+00,8.926047484725794234e+00,0.000000000000000000e+00
5.843250200285010632e-01,1.237257589563528493e+00,0.000000000000000000e+00
6.164507035171534532e+00,4.589322519284135815e+00,1.000000000000000000e+00
4.940980120871650172e+00,7.511884144403833119e+00,1.000000000000000000e+00
4.092100252078885170e+00,8.589601738996661240e+00,1.000000000000000000e+00
7.984581841852083528e+00,8.682661168880507319e+00,0.000000000000000000e+00
7.018362833960446245e+00,8.218903446006029512e+00,0.000000000000000000e+00
8.771972413429159232e+00,7.883856804060833667e+00,0.000000000000000000e+00
6.014726753518936597e+00,4.972106016152944008e-01,1.000000000000000000e+00
4.280558219514455587e+00,5.143999263193133942e+00,1.000000000000000000e+00
7.359744809727787107e+00,6.380328906123761357e+00,0.000000000000000000e+00
6.096252026071418584e+00,1.674518866514348447e+00,1.000000000000000000e+00
6.694770780486475559e+00,2.714466561189639027e+00,1.000000000000000000e+00
3.549661626457445429e-01,1.552179344257383908e+00,0.000000000000000000e+00
3.397596056692764321e-01,3.927621522441062663e+00,0.000000000000000000e+00
2.643477337509059222e-01,7.611723043523610954e+00,1.000000000000000000e+00
6.565643486088154290e+00,8.415561746192576464e+00,0.000000000000000000e+00
3.942285988059863744e+00,1.120870974633090267e+00,0.000000000000000000e+00
7.062941050249460506e-01,8.598750649674180124e+00,1.000000000000000000e+00
7.602845803347427989e+00,2.168211617944582947e+00,1.000000000000000000e+00
3.234688846069595503e+00,6.534858607911874451e+00,1.000000000000000000e+00
9.885938853645914293e+00,7.256047393505334675e+00,0.000000000000000000e+00
5.274927541615712201e+00,9.647997191515356175e-01,1.000000000000000000e+00
9.262579103048604878e+00,2.948132449393829901e+00,1.000000000000000000e+00
9.311089169671525667e+00,3.247064520381159891e-01,1.000000000000000000e+00
9.038798442781136089e+00,5.264622664221201731e+00,0.000000000000000000e+00
3.866694412984768014e+00,6.255367656485619321e+00,1.000000000000000000e+00
2.428655727357076355e-01,4.963416448942138182e+00,0.000000000000000000e+00
5.149709798865186983e+00,6.534871534980053909e+00,0.000000000000000000e+00
5.695153771697860634e+00,1.269692446280542564e+00,1.000000000000000000e+00
9.803547619874423802e+00,9.792343557483642158e+00,0.000000000000000000e+00
3.066834916904250807e+00,1.768405715415944934e+00,0.000000000000000000e+00
5.502231170476442834e+00,2.430196141119091990e+00,1.000000000000000000e+00
1.892164722344910066e+00,1.534838095360222532e+00,0.000000000000000000e+00
1.483575760930495591e+00,6.818975521400542306e+00,1.000000000000000000e+00
4.223144609870271182e+00,3.581212559304558507e-01,0.000000000000000000e+00
3.994490331127776628e+00,3.623383395892147085e+00,0.000000000000000000e+00
2.180341262791003487e+00,9.564725350673941584e-01,0.000000000000000000e+00
7.279630458150130323e+00,1.041987205008522155e+00,1.000000000000000000e+00
6.587925914884089629e+00,8.005398769168811768e+00,0.000000000000000000e+00
1.383600602245176336e+00,2.563235699017389901e+00,0.000000000000000000e+00
1.245675305401365840e+00,8.676635870926043381e+00,1.000000000000000000e+00
6.083153793938031129e+00,1.236619384337444005e+00,1.000000000000000000e+00
6.458516835302003045e+00,1.296928302260934585e+00,1.000000000000000000e+00
3.988922323218762056e+00,2.297872445833379906e+00,0.000000000000000000e+00
2.099170406508517051e+00,6.728927840078897660e+00,1.000000000000000000e+00
2.224434511110018331e-01,7.021385003654966539e+00,1.000000000000000000e+00
5.561664132707023533e+00,3.901394505611296637e+00,1.000000000000000000e+00
4.545033160152112117e-01,5.470363205828951081e+00,1.000000000000000000e+00
4.297789255856773849e+00,4.553405254144907488e+00,0.000000000000000000e+00
8.714400958505962080e+00,7.686260357489251405e+00,0.000000000000000000e+00
9.153868688012799737e+00,4.049125608314550817e+00,1.000000000000000000e+00
6.074407444335613526e+00,5.158232006986770202e+00,0.000000000000000000e+00
9.043939500037383894e+00,1.730823300196258074e+00,1.000000000000000000e+00
4.300262453069236823e-01,5.954150739298679440e+00,1.000000000000000000e+00
4.739989402584731337e+00,1.402752081241891435e+00,0.000000000000000000e+00
1.113089544314102008e+00,7.684588300277379602e+00,1.000000000000000000e+00
6.101616020456946288e+00,4.005968664530962897e+00,1.000000000000000000e+00
8.035526445174124177e+00,2.768051729851691789e+00,1.000000000000000000e+00
7.528621704661877523e+00,5.221936232645301601e+00,0.000000000000000000e+00
1.411292461037830792e+00,6.966875835790109495e-01,0.000000000000000000e+00
4.700335445918114807e+00,4.057313678743770247e+00,0.000000000000000000e+00
9.373422697690470429e+00,6.054913127870278799e+00,0.000000000000000000e+00
7.161684877661805615e+00,6.953843744639790714e+00,0.000000000000000000e+00
8.227700407554985773e+00,1.948151168204248496e-01,1.000000000000000000e+00
7.700711650096648597e+00,3.526020789526466359e+00,1.000000000000000000e+00
6.235991444662978722e+00,3.466961686099447881e+00,1.000000000000000000e+00
2.096791342981068063e+00,3.290029442961953876e+00,0.000000000000000000e+00
8.159299679606681011e+00,9.672618913242187588e+00,0.000000000000000000e+00
8.931405324957133018e+00,1.857513466301803362e+00,1.000000000000000000e+00
2.993409390304039519e+00,3.438330553834354486e+00,0.000000000000000000e+00
8.588082026719305873e+00,5.990325425188577135e+00,0.000000000000000000e+00
4.753283602313901568e+00,1.815278160287057130e+00,0.000000000000000000e+00
3.981376555169162668e+00,6.898751085554701845e+00,1.000000000000000000e+00
7.680975827235336784e-01,3.220993719804992050e+00,0.000000000000000000e+00
1.095943867434041596e+00,6.142648377892056644e+00,1.000000000000000000e+00
9.507578836731514826e+00,4.919601578073842241e+00,1.000000000000000000e+00
1.212558684815947530e+00,3.132862526173032514e+00,0.000000000000000000e+00
6.259455369032843386e+00,9.491597094396349021e+00,0.000000000000000000e+00
7.820980366141323969e+00,2.837885086087632569e-01,1.000000000000000000e+00
2.795422645960967678e+00,8.184092904767277687e+00,1.000000000000000000e+00
8.325846500893653968e+00,5.239105020770437271e+00,0.000000000000000000e+00
1.031650638530764441e+00,4.462131694773574964e+00,0.000000000000000000e+00
3.133851100297475600e+00,8.676270876221629180e+00,1.000000000000000000e+00
9.592483138579012802e+00,6.220023243072558827e-01,1.000000000000000000e+00
8.698180541046600212e+00,2.845304328580278153e-01,1.000000000000000000e+00
8.715411571757021747e+00,7.883117284607914499e+00,0.000000000000000000e+00
3.161268913209270615e+00,1.713403192098629235e+00,0.000000000000000000e+00
7.471315517594252498e+00,9.363128672571392030e+00,0.000000000000000000e+00
6.011842487161650261e+00,6.950784122541558752e+00,0.000000000000000000e+00
5.561132452239370139e+00,3.089609687681331707e+00,1.000000000000000000e+00
9.507914359272573890e+00,4.623124952535023979e+00,1.000000000000000000e+00
4.561792927810196296e+00,5.631573897638273429e+00,1.000000000000000000e+00
7.189662976886779688e+00,5.822693277207664053e+00,0.000000000000000000e+00
7.778114106549066875e+00,4.739874675253208380e-01,1.000000000000000000e+00
9.359570865012384999e+00,6.104991648980209185e+00,0.000000000000000000e+00
1.736400160855122721e+00,2.920808788948758838e-01,0.000000000000000000e+00
2.032349963785327063e+00,9.637896544325117887e+00,1.000000000000000000e+00
6.492683968818605322e+00,1.642635492328223812e+00,1.000000000000000000e+00
4.825995599895682719e-01,5.059305700179588250e+00,1.000000000000000000e+00
4.891007085034273061e+00,3.905386084251007972e+00,0.000000000000000000e+00
6.372743548925664747e+00,1.194756599917067286e+00,1.000000000000000000e+00
4.412916784863959663e+00,1.580306079294419019e+00,0.000000000000000000e+00
1.573151908563565904e+00,8.704045277694699934e+00,1.000000000000000000e+00
6.312804158736153859e+00,9.721226795205987870e+00,0.000000000000000000e+00
6.710246020204157169e+00,5.857465740574663293e-01,1.000000000000000000e+00
7.631983998774027000e+00,7.499671228221518327e+00,0.000000000000000000e+00
9.794486595649818383e+00,3.840601230173625869e+00,1.000000000000000000e+00
3.198463437203062920e+00,2.484473975587086159e+00,0.000000000000000000e+00
6.404730000180002492e+00,9.601622730107258974e+00,0.000000000000000000e+00
1.838525018544849843e+00,7.408762604838951660e+00,1.000000000000000000e+00
7.598096367557420017e+00,9.039731265797897208e+00,0.000000000000000000e+00
7.853775260337090280e+00,4.764323306899878041e+00,1.000000000000000000e+00
7.461173334304036509e+00,2.502068082686000672e+00,1.000000000000000000e+00
5.744531351752684145e+00,5.012376280226512826e+00,0.000000000000000000e+00
6.666043751289230102e-01,6.924811832878690510e+00,1.000000000000000000e+00
1.809602719281198091e+00,4.809483158374936451e+00,0.000000000000000000e+00
9.185140642805961875e+00,9.578609736370212957e+00,0.000000000000000000e+00
4.301857066022185094e+00,7.202534497401358315e-01,0.000000000000000000e+00
3.646775084782619913e+00,3.075016378654717997e+00,0.000000000000000000e+00
3.981997574231691317e+00,5.621181800055552458e+00,1.000000000000000000e+00
9.673075867611023781e+00,6.088941542222771730e+00,0.000000000000000000e+00
8.644666852096873910e+00,6.993934692625821015e+00,0.000000000000000000e+00
2.260561066963608035e+00,7.913486635661429958e+00,1.000000000000000000e+00
2.956011836907626034e+00,4.922082896068321389e+00,0.000000000000000000e+00
2.033593654747480883e+00,3.633392294757564756e+00,0.000000000000000000e+00
3.181844589861349881e+00,6.226996044804055330e+00,1.000000000000000000e+00
9.168235527710510979e-01,2.972134821225707046e+00,0.000000000000000000e+00
7.733281617482228754e+00,4.432690669487597823e+00,1.000000000000000000e+00
8.863318931796817068e+00,6.690622834899128790e+00,0.000000000000000000e+00
8.508871769516607841e+00,8.329439770202123228e+00,0.000000000000000000e+00
7.812814787762234481e+00,6.144278512186279961e+00,0.000000000000000000e+00
6.836543921747441743e+00,8.166121797517712722e+00,0.000000000000000000e+00
3.869824371013175224e+00,4.768967142585410990e+00,0.000000000000000000e+00
5.810375628138282345e+00,3.850459977903719633e+00,1.000000000000000000e+00
8.114003963373567885e+00,7.602611601169729560e+00,0.000000000000000000e+00
7.212508960135441960e+00,1.069852841379126396e-01,1.000000000000000000e+00
5.632606843696313703e+00,1.045230119469008345e+00,1.000000000000000000e+00
8.300746086124892287e+00,1.141578300883581143e+00,1.000000000000000000e+00
8.327597860347790260e+00,6.792473071854048250e+00,0.000000000000000000e+00
8.438099225147547955e+00,2.180765973211673536e-01,1.000000000000000000e+00
1.079990698136541472e+00,4.682236566233087594e+00,0.000000000000000000e+00
4.264243114697912951e+00,4.341059820501098621e+00,0.000000000000000000e+00
2.319306278443691305e+00,8.026994428573905438e+00,1.000000000000000000e+00
6.081049388774656173e+00,7.949135174274074345e+00,0.000000000000000000e+00
1.580162034842835794e-01,4.926936077844487727e+00,0.000000000000000000e+00
8.456881940192138458e+00,4.835790588773448917e+00,1.000000000000000000e+00
3.378458135518966898e+00,8.860168474908003411e-02,0.000000000000000000e+00
7.836695651639349336e+00,7.039787279334388970e+00,0.000000000000000000e+00
